{
  "Stars": "Sky/Stars.png",
  "Moons": [
    {
      "Day": 0,
      "Texture": "Sky/MoonCycle/Moon_Full.png"
    },
    {
      "Day": 1,
      "Texture": "Sky/MoonCycle/Moon_Gibbous.png"
    },
    {
      "Day": 2,
      "Texture": "Sky/MoonCycle/Moon_Half.png"
    },
    {
      "Day": 3,
      "Texture": "Sky/MoonCycle/Moon_Crescent.png"
    },
    {
      "Day": 4,
      "Texture": "Sky/MoonCycle/Moon_New.png"
    }
  ],
  "Clouds": [
    {
      "Texture": "Sky/Clouds/Light_Base.png",
      "Colors": [
        {
          "Hour": 3,
          "Color": "#1a1a1bc7"
        },
        {
          "Hour": 5,
          "Color": "#ff5e4366"
        },
        {
          "Hour": 7,
          "Color": "#ffffffe6"
        },
        {
          "Hour": 17,
          "Color": "#ffffffe6"
        },
        {
          "Hour": 19,
          "Color": "#ff5e4347"
        },
        {
          "Hour": 21,
          "Color": "#1a1a1bc7"
        }
      ],
      "Speeds": [
        {
          "Hour": 0,
          "Value": 0
        }
      ]
    },
    {
      "Texture": "Sky/Clouds/Light_Highlights.png",
      "Colors": [
        {
          "Hour": 3,
          "Color": "#1a1a1bc7"
        },
        {
          "Hour": 5,
          "Color": "#ff5e4366"
        },
        {
          "Hour": 7,
          "Color": "#ffffffe6"
        },
        {
          "Hour": 17,
          "Color": "#ffffffe6"
        },
        {
          "Hour": 19,
          "Color": "#ff5e4347"
        },
        {
          "Hour": 21,
          "Color": "#1a1a1bc7"
        }
      ],
      "Speeds": [
        {
          "Hour": 0,
          "Value": 1
        }
      ]
    }
  ],
  "SkyTopColors": [
    {
      "Hour": 7,
      "Color": "rgba(#2c6788, 1)"
    },
    {
      "Hour": 19,
      "Color": "rgba(#2c6788, 1)"
    },
    {
      "Hour": 5,
      "Color": "rgba(#000000, 1)"
    },
    {
      "Hour": 21,
      "Color": "rgba(#030000, 1)"
    }
  ],
  "SkyBottomColors": [],
  "SkySunsetColors": [
    {
      "Hour": 3,
      "Color": "#e32c4e00"
    },
    {
      "Hour": 5,
      "Color": "#ff5e43ff"
    },
    {
      "Hour": 7,
      "Color": "#ffb95100"
    },
    {
      "Hour": 17,
      "Color": "#ffb95100"
    },
    {
      "Hour": 19,
      "Color": "#ff5e43ff"
    },
    {
      "Hour": 21,
      "Color": "#e32c4e00"
    }
  ],
  "FogColors": [
    {
      "Hour": 7,
      "Color": "#2c3c54"
    }
  ],
  "SunColors": [
    {
      "Hour": 19,
      "Color": "#fec9ae"
    },
    {
      "Hour": 17,
      "Color": "#ffffff"
    },
    {
      "Hour": 5,
      "Color": "#fec9ae"
    },
    {
      "Hour": 7,
      "Color": "#ffffff"
    },
    {
      "Hour": 18,
      "Color": "#fff7e3"
    }
  ],
  "MoonColors": [
    {
      "Hour": 3,
      "Color": "#98aff2ff"
    },
    {
      "Hour": 5,
      "Color": "#e5c0bcff"
    },
    {
      "Hour": 19,
      "Color": "#2241a16e"
    },
    {
      "Hour": 17,
      "Color": "#e5c0bcff"
    },
    {
      "Hour": 21,
      "Color": "#6e7aaac4"
    }
  ],
  "MoonGlowColors": [
    {
      "Hour": 3,
      "Color": "#334258ff"
    },
    {
      "Hour": 5,
      "Color": "#ffffff00"
    },
    {
      "Hour": 17,
      "Color": "#ffffff00"
    },
    {
      "Hour": 19,
      "Color": "#334258ff"
    }
  ],
  "SunScales": [
    {
      "Hour": 0,
      "Value": 0.7
    },
    {
      "Hour": 1,
      "Value": 0.7
    },
    {
      "Hour": 2,
      "Value": 0.7
    },
    {
      "Hour": 3,
      "Value": 0.7
    },
    {
      "Hour": 4,
      "Value": 0.7
    },
    {
      "Hour": 5,
      "Value": 0.7
    },
    {
      "Hour": 6,
      "Value": 0.7
    },
    {
      "Hour": 7,
      "Value": 0.7
    },
    {
      "Hour": 8,
      "Value": 0.7
    },
    {
      "Hour": 9,
      "Value": 0.7
    },
    {
      "Hour": 10,
      "Value": 0.7
    },
    {
      "Hour": 11,
      "Value": 0.7
    },
    {
      "Hour": 12,
      "Value": 0.7
    },
    {
      "Hour": 13,
      "Value": 0.7
    },
    {
      "Hour": 14,
      "Value": 0.7
    },
    {
      "Hour": 15,
      "Value": 0.7
    },
    {
      "Hour": 16,
      "Value": 0.7
    },
    {
      "Hour": 17,
      "Value": 0.7
    },
    {
      "Hour": 18,
      "Value": 0.7
    },
    {
      "Hour": 19,
      "Value": 0.7
    },
    {
      "Hour": 20,
      "Value": 0.7
    },
    {
      "Hour": 21,
      "Value": 0.7
    },
    {
      "Hour": 22,
      "Value": 0.7
    },
    {
      "Hour": 23,
      "Value": 0.7
    }
  ],
  "MoonScales": [
    {
      "Hour": 0,
      "Value": 1
    },
    {
      "Hour": 1,
      "Value": 1
    },
    {
      "Hour": 2,
      "Value": 1
    },
    {
      "Hour": 3,
      "Value": 1
    },
    {
      "Hour": 4,
      "Value": 1
    },
    {
      "Hour": 5,
      "Value": 1
    },
    {
      "Hour": 6,
      "Value": 1
    },
    {
      "Hour": 7,
      "Value": 1
    },
    {
      "Hour": 8,
      "Value": 1
    },
    {
      "Hour": 9,
      "Value": 1
    },
    {
      "Hour": 10,
      "Value": 1
    },
    {
      "Hour": 11,
      "Value": 1
    },
    {
      "Hour": 12,
      "Value": 1
    },
    {
      "Hour": 13,
      "Value": 1
    },
    {
      "Hour": 14,
      "Value": 1
    },
    {
      "Hour": 15,
      "Value": 1
    },
    {
      "Hour": 16,
      "Value": 1
    },
    {
      "Hour": 17,
      "Value": 1
    },
    {
      "Hour": 18,
      "Value": 1
    },
    {
      "Hour": 19,
      "Value": 1
    },
    {
      "Hour": 20,
      "Value": 1
    },
    {
      "Hour": 21,
      "Value": 1
    },
    {
      "Hour": 22,
      "Value": 1
    },
    {
      "Hour": 23,
      "Value": 1
    }
  ],
  "SunGlowColors": [
    {
      "Hour": 3,
      "Color": "#ffffff00"
    },
    {
      "Hour": 5,
      "Color": "#f0c08dff"
    },
    {
      "Hour": 7,
      "Color": "#ffffffff"
    },
    {
      "Hour": 17,
      "Color": "#ffffffff"
    },
    {
      "Hour": 19,
      "Color": "#f0c08dff"
    },
    {
      "Hour": 21,
      "Color": "#ffffff00"
    }
  ],
  "FogDistance": [
    -140,
    64
  ],
  "Particle": {
    "SystemId": "Water_Dripping",
    "Scale": 0
  }
}
