{
  "TranslationProperties": {
    "Name": "server.items.Deco_Mystery_Machine_Large.name"
  },
  "Icon": "Icons/ItemsGenerated/Deco_Mystery_Machine_Large.png",
  "Set": "Rock_Basalt_Brick",
  "Recipe": {
    "Input": [
      {
        "Quantity": 1,
        "ResourceTypeId": "Rock_Basalt_Brick"
      }
    ],
    "BenchRequirement": [
      {
        "Id": "Builders",
        "Type": "StructuralCrafting",
        "Categories": [
          "Beam"
        ]
      }
    ],
    "OutputQuantity": 2,
    "TimeSeconds": 0
  },
  "BlockType": {
    "CustomModelTexture": [
      {
        "Texture": "Blocks/Large_Mystery_Machine.png",
        "Weight": 1
      }
    ],
    "Gathering": {
      "Breaking": {
        "GatherType": "Rocks"
      }
    },
    "ParticleColor": "#5a5144",
    "DrawType": "Model",
    "CustomModel": "Blocks/Abandonded_Factory_Machine_Large.blockymodel",
    "VariantRotation": "NESW",
    "RotationYawPlacementOffset": "OneEighty",
    "Support": {
      "Down": [
        {
          "FaceType": "Full"
        }
      ]
    },
    "HitboxType": "Deco_Mystery_Machine_Large"
  },
  "Tags": {
    "Type": [
      "Rock"
    ],
    "Family": [
      "Basalt"
    ]
  },
  "Parent": "Rock_Stone_Brick_Beam",
  "IconProperties": {
    "Scale": 0.2,
    "Rotation": [
      337.5,
      225,
      337.5
    ],
    "Translation": [
      29,
      -61
    ]
  }
}
