{
  "TranslationProperties": {
    "Name": "server.items.Bronze_Pipe_Large.name"
  },
  "Categories": [
    "Blocks.Deco"
  ],
  "Set": "",
  "BlockType": {
    "Material": "Solid",
    "DrawType": "Model",
    "Opacity": "Semitransparent",
    "CustomModel": "Blocks/Bronze_Pipe_Large.blockymodel",
    "CustomModelTexture": [
      {
        "Texture": "Blocks/Bronze_Pipe.png",
        "Weight": 1
      }
    ],
    "VariantRotation": "Pipe",
    "Flags": {},
    "Gathering": {
      "Breaking": {
        "GatherType": "Rocks"
      }
    },
    "BlockParticleSetId": "Metal",
    "ParticleColor": "#d3c591",
    "BlockSoundSetId": "Metal",
    "HitboxType": "Chain"
  },
  "PlayerAnimationsId": "Block",
  "Tags": {
    "Type": [
      "Deco"
    ],
    "Family": [
      "Iron"
    ]
  },
  "$Comment": " ",
  "Icon": "Icons/ItemsGenerated/Bronze_Pipe_Large.png",
  "IconProperties": {
    "Scale": 0.6,
    "Rotation": [
      22.5,
      45,
      22.5
    ],
    "Translation": [
      0,
      -13.5
    ]
  },
  "ItemSoundSetId": "ISS_Items_Metal"
}
