{
  "TranslationProperties": {
    "Name": "server.items.Furniture_Basalt_Trough.name"
  },
  "Categories": [
    "Furniture.Benches"
  ],
  "BlockType": {
    "Material": "Solid",
    "DrawType": "Model",
    "Opacity": "Transparent",
    "CustomModel": "Blocks/Basalt_Trough.blockymodel",
    "CustomModelTexture": [
      {
        "Texture": "Blocks/Basalt_Trough_Texture.png",
        "Weight": 1
      }
    ],
    "HitboxType": "Furniture_Basalt_Trough",
    "VariantRotation": "NESW",
    "State": {
      "Id": "crafting",
      "Definitions": {
        "CraftCompleted": {}
      }
    },
    "Gathering": {
      "Breaking": {
        "GatherType": "Benches"
      }
    },
    "BlockParticleSetId": "Wood",
    "Support": {
      "Down": [
        {
          "FaceType": "Full"
        }
      ]
    },
    "ParticleColor": "#815c39",
    "BlockSoundSetId": "Wood"
  },
  "PlayerAnimationsId": "Block",
  "IconProperties": {
    "Scale": 0.35,
    "Rotation": [
      22.5,
      45,
      22.5
    ],
    "Translation": [
      23,
      -10.8
    ]
  },
  "Icon": "Icons/ItemsGenerated/Furniture_Basalt_Trough.png",
  "Tags": {
    "Type": [
      "Bench"
    ]
  },
  "MaxStack": 1,
  "ItemSoundSetId": "ISS_Blocks_Wood"
}
