{
  "TranslationProperties": {
    "Name": "server.items.Furniture_Frostbitten_Factory_Vault_Medium.name"
  },
  "PlayerAnimationsId": "Block",
  "Categories": [
    "Furniture.Doors"
  ],
  "Interactions": {
    "Primary": "Block_Primary",
    "Secondary": "Block_Secondary"
  },
  "IconProperties": {
    "Scale": 0.25,
    "Rotation": [
      22.5,
      45,
      22.5
    ],
    "Translation": [
      -22.8,
      -52.2
    ]
  },
  "BlockType": {
    "BlockParticleSetId": "Stone",
    "CustomModel": "Blocks/Decorative_Sets/Scarak_Temple/Door_Medium.blockymodel",
    "CustomModelTexture": [
      {
        "Texture": "Blocks/Frostbitten_Vault_Door_Medium_Texture.png"
      }
    ],
    "DrawType": "Model",
    "Gathering": {
      "Breaking": {
        "GatherType": "Rocks"
      }
    },
    "HitboxType": "Door_Temple_Scarak_Medium",
    "Material": "Solid",
    "State": {
      "Definitions": {
        "CloseDoorIn": {
          "CustomModelAnimation": "Blocks/Decorative_Sets/Scarak_Temple/Door_Medium_Close.blockyanim",
          "InteractionSoundEventId": "SFX_Door_Temple_Dark_Close"
        },
        "CloseDoorOut": {
          "CustomModelAnimation": "Blocks/Decorative_Sets/Scarak_Temple/Door_Medium_Close.blockyanim",
          "InteractionSoundEventId": "SFX_Door_Temple_Dark_Close"
        },
        "OpenDoorIn": {
          "HitboxType": "Door_Temple_Scarak_Medium_Open",
          "CustomModelAnimation": "Blocks/Decorative_Sets/Scarak_Temple/Door_Medium_Open.blockyanim",
          "InteractionSoundEventId": "SFX_Door_Temple_Dark_Open"
        },
        "OpenDoorOut": {
          "HitboxType": "Door_Temple_Scarak_Medium_Open",
          "CustomModelAnimation": "Blocks/Decorative_Sets/Scarak_Temple/Door_Medium_Open.blockyanim",
          "InteractionSoundEventId": "SFX_Door_Temple_Dark_Open"
        }
      }
    },
    "VariantRotation": "NESW",
    "BlockSoundSetId": "Stone",
    "IsDoor": true,
    "Interactions": {
      "Use": "Door"
    },
    "ParticleColor": "#bd8f45"
  },
  "Scale": 0.667,
  "Tags": {
    "Type": [
      "Furniture"
    ],
    "Family": [
      "Scarak Temple"
    ]
  },
  "$Comment": "",
  "Icon": "Icons/ItemsGenerated/Furniture_Frostbitten_Factory_Vault_Medium.png",
  "ItemSoundSetId": "ISS_Blocks_Stone"
}
