{
  "TranslationProperties": {
    "Name": "server.items.Furniture_Frostbitten_Factory_Vault_Large.name"
  },
  "PlayerAnimationsId": "Block",
  "Categories": [
    "Furniture.Doors"
  ],
  "Interactions": {
    "Primary": "Block_Primary",
    "Secondary": "Block_Secondary"
  },
  "IconProperties": {
    "Scale": 0.2,
    "Rotation": [
      22.5,
      45,
      22.5
    ],
    "Translation": [
      -12,
      -61.71
    ]
  },
  "BlockType": {
    "BlockParticleSetId": "Stone",
    "CustomModel": "Blocks/Decorative_Sets/Scarak_Temple/Door_Large.blockymodel",
    "CustomModelTexture": [
      {
        "Texture": "Blocks/Frostbitten_Vault_Door_Large_Texture.png"
      }
    ],
    "DrawType": "Model",
    "Gathering": {
      "Breaking": {
        "GatherType": "Rocks"
      }
    },
    "HitboxType": "Door_Temple_Scarak_Large",
    "Material": "Solid",
    "State": {
      "Definitions": {
        "CloseDoorIn": {
          "InteractionSoundEventId": "SFX_Door_Temple_Light_Close",
          "CustomModelAnimation": "Blocks/Decorative_Sets/Scarak_Temple/Door_Large_Close.blockyanim"
        },
        "CloseDoorOut": {
          "InteractionSoundEventId": "SFX_Door_Temple_Light_Close",
          "CustomModelAnimation": "Blocks/Decorative_Sets/Scarak_Temple/Door_Large_Close.blockyanim"
        },
        "OpenDoorIn": {
          "HitboxType": "Door_Temple_Scarak_Large_Open",
          "InteractionSoundEventId": "SFX_Door_Temple_Light_Open",
          "CustomModelAnimation": "Blocks/Decorative_Sets/Scarak_Temple/Door_Large_Open.blockyanim"
        },
        "OpenDoorOut": {
          "HitboxType": "Door_Temple_Scarak_Large_Open",
          "InteractionSoundEventId": "SFX_Door_Temple_Light_Open",
          "CustomModelAnimation": "Blocks/Decorative_Sets/Scarak_Temple/Door_Large_Open.blockyanim"
        }
      }
    },
    "VariantRotation": "NESW",
    "ParticleColor": "#bd8f45",
    "BlockSoundSetId": "Stone",
    "IsDoor": true,
    "Interactions": {
      "Use": "Door"
    },
    "Opacity": "Semitransparent",
    "ConnectedBlockRuleSet": {
      "Type": "CustomTemplate",
      "TemplateShapeAssetId": "DoorLargeConnectedBlockTemplate",
      "TemplateShapeBlockPatterns": {
        "Default": "Furniture_Frostbitten_Factory_Vault_Large"
      }
    }
  },
  "Scale": 0.5,
  "Tags": {
    "Type": [
      "Furniture"
    ],
    "Family": [
      "Scarak Temple"
    ]
  },
  "Icon": "Icons/ItemsGenerated/Furniture_Frostbitten_Factory_Vault_Large.png",
  "ItemSoundSetId": "ISS_Blocks_Stone"
}
