{
  "Boxes": [
    {
      "Max": {
        "X": 1,
        "Y": 1.4,
        "Z": 4
      },
      "Min": {
        "X": -1
      }
    },
    {
      "Min": {
        "Y": 1.4,
        "X": -1,
        "Z": 1
      },
      "Max": {
        "Y": 2,
        "X": 1,
        "Z": 4
      }
    },
    {
      "Min": {
        "X": -1,
        "Y": 2,
        "Z": 2.2
      },
      "Max": {
        "Y": 2.5,
        "X": 1,
        "Z": 4
      }
    },
    {
      "Min": {
        "X": -1,
        "Y": 2,
        "Z": 1.5
      },
      "Max": {
        "X": 1,
        "Y": 2.2,
        "Z": 2.5
      }
    },
    {
      "Min": {
        "Z": 2,
        "X": 1
      },
      "Max": {
        "Z": 4,
        "X": 2,
        "Y": 1.4
      }
    },
    {
      "Min": {
        "Y": 2.5,
        "Z": 2.3,
        "X": -0.4
      },
      "Max": {
        "Y": 3.2,
        "Z": 3.2,
        "X": 0.6
      }
    }
  ]
}
